Country/Region,Year,Energy Source,Energy Production (MWh),Investment in Renewable Infrastructure (USD),Policy Changes,Environmental Impact (CO2 Reduction),Installed Capacity (MW),Renewable Energy Share (%),Jobs Created
USA,2010,Solar,130674978,61688651491,Policy change for Solar in USA,47419999 tons,89219,18.66,171297
USA,2010,Wind,93372994,69404677941,Policy change for Wind in USA,92500617 tons,43468,25.24,268326
USA,2010,Hydro,100265184,41909874635,Policy change for Hydro in USA,38939546 tons,30513,11.21,71938
USA,2010,Geothermal,188827588,29063910277,Policy change for Geothermal in USA,22646732 tons,81668,27.85,273205
USA,2010,Biomass,117026136,36678318387,Policy change for Biomass in USA,94532004 tons,52967,19.77,185511
USA,2011,Solar,57895738,47733145349,Policy change for Solar in USA,11828532 tons,38992,49.59,278433
USA,2011,Wind,183001040,43613914488,Policy change for Wind in USA,52004456 tons,22180,17.71,274863
USA,2011,Hydro,137390891,59743064796,Policy change for Hydro in USA,63547044 tons,75453,39.05,75233
USA,2011,Geothermal,83432554,35016851649,Policy change for Geothermal in USA,71658520 tons,13356,32.6,145491
USA,2011,Biomass,146459839,25123562537,Policy change for Biomass in USA,93278957 tons,32121,29.34,125444
USA,2012,Solar,193372373,42723020620,Policy change for Solar in USA,47909264 tons,97593,8.9,108356
USA,2012,Wind,117933607,27788090172,Policy change for Wind in USA,98570700 tons,26114,48.74,243422
USA,2012,Hydro,139966283,72836228630,Policy change for Hydro in USA,42995285 tons,67919,9.28,204366
USA,2012,Geothermal,189251727,36742002181,Policy change for Geothermal in USA,29924064 tons,10096,44.07,86460
USA,2012,Biomass,114186830,34620320496,Policy change for Biomass in USA,37373731 tons,93208,25.29,120821
USA,2013,Solar,154687552,21320596033,Policy change for Solar in USA,85245521 tons,21269,45.75,112783
USA,2013,Wind,53617714,36461275403,Policy change for Wind in USA,18456866 tons,86417,14.13,123500
USA,2013,Hydro,159404343,68862101926,Policy change for Hydro in USA,18449731 tons,62382,49.56,119147
USA,2013,Geothermal,63735334,23760107395,Policy change for Geothermal in USA,92830523 tons,97129,43.18,176502
USA,2013,Biomass,154010002,23856860183,Policy change for Biomass in USA,26541333 tons,56298,8.6,156091
USA,2014,Solar,115009911,76079382725,Policy change for Solar in USA,71822153 tons,54872,44.25,219026
USA,2014,Wind,152288164,28409988153,Policy change for Wind in USA,28542650 tons,97784,10.01,236109
USA,2014,Hydro,50197257,62653761548,Policy change for Hydro in USA,75007664 tons,25553,38.15,244362
USA,2014,Geothermal,93049137,70289802541,Policy change for Geothermal in USA,14110894 tons,54122,36.5,279505
USA,2014,Biomass,176705229,69681884010,Policy change for Biomass in USA,81772463 tons,55000,8.25,224358
USA,2015,Solar,112032053,32321731421,Policy change for Solar in USA,59873991 tons,41738,11.62,214019
USA,2015,Wind,155747494,56404518609,Policy change for Wind in USA,45724988 tons,40628,24.1,276307
USA,2015,Hydro,65081176,47793998651,Policy change for Hydro in USA,69633572 tons,38315,32.97,137312
USA,2015,Geothermal,193988579,74706169994,Policy change for Geothermal in USA,69584647 tons,47241,37.81,132053
USA,2015,Biomass,155263938,30238174289,Policy change for Biomass in USA,87636954 tons,24086,10,291866
USA,2016,Solar,96157616,32357923778,Policy change for Solar in USA,85988636 tons,68880,41.84,165698
USA,2016,Wind,176027734,67570500257,Policy change for Wind in USA,29739966 tons,84756,32.72,79834
USA,2016,Hydro,163926183,31384041001,Policy change for Hydro in USA,60119426 tons,25246,36.18,134441
USA,2016,Geothermal,187124106,32711407969,Policy change for Geothermal in USA,93671430 tons,39536,20.84,133900
USA,2016,Biomass,95913770,45163067398,Policy change for Biomass in USA,83946810 tons,30695,41.34,271244
USA,2017,Solar,106349740,48656727451,Policy change for Solar in USA,95676723 tons,12909,28.35,135501
USA,2017,Wind,147836624,30883846868,Policy change for Wind in USA,52252226 tons,28680,5.97,234395
USA,2017,Hydro,148875065,75067527566,Policy change for Hydro in USA,12496614 tons,30293,17.29,145013
USA,2017,Geothermal,70022436,79644601997,Policy change for Geothermal in USA,46764091 tons,74732,13.11,91586
USA,2017,Biomass,198665003,61842255078,Policy change for Biomass in USA,15208855 tons,87302,31.52,141921
USA,2018,Solar,198897840,35117780700,Policy change for Solar in USA,58352929 tons,48106,8.2,278676
USA,2018,Wind,166595250,67667495560,Policy change for Wind in USA,29047106 tons,84859,22.49,165741
USA,2018,Hydro,134712046,28264979573,Policy change for Hydro in USA,54417143 tons,64399,23.1,118056
USA,2018,Geothermal,186592192,56285752179,Policy change for Geothermal in USA,76942370 tons,51069,19.89,201904
USA,2018,Biomass,135820067,66230665708,Policy change for Biomass in USA,14157666 tons,84529,9.82,286469
USA,2019,Solar,142369745,25917334575,Policy change for Solar in USA,61802640 tons,24836,33.13,217542
USA,2019,Wind,113994595,45325078474,Policy change for Wind in USA,40118156 tons,83727,34.35,260854
USA,2019,Hydro,64274686,60611384796,Policy change for Hydro in USA,38978059 tons,88590,17.31,75539
USA,2019,Geothermal,107987928,27785339658,Policy change for Geothermal in USA,62494615 tons,37874,8.56,107797
USA,2019,Biomass,89683022,24640439185,Policy change for Biomass in USA,48136717 tons,19958,23.62,170357
USA,2020,Solar,132121256,54412658698,Policy change for Solar in USA,80854147 tons,24718,19.72,220884
USA,2020,Wind,52416297,33582686407,Policy change for Wind in USA,29754203 tons,34044,47.37,70113
USA,2020,Hydro,109922509,74430418167,Policy change for Hydro in USA,83085357 tons,88456,8.86,208623
USA,2020,Geothermal,101723725,69027684167,Policy change for Geothermal in USA,49109403 tons,55175,23.92,107637
USA,2020,Biomass,58458312,36659358290,Policy change for Biomass in USA,37714406 tons,22936,10.95,264324
USA,2021,Solar,128025818,30646723639,Policy change for Solar in USA,71721710 tons,50122,29,86166
USA,2021,Wind,182534565,21274610189,Policy change for Wind in USA,55600874 tons,93666,21.19,245895
USA,2021,Hydro,137807837,49937994203,Policy change for Hydro in USA,26501812 tons,66892,6.08,117297
USA,2021,Geothermal,137020202,21247460227,Policy change for Geothermal in USA,76033813 tons,89365,7.11,131674
USA,2021,Biomass,76027591,65364238568,Policy change for Biomass in USA,74122690 tons,63905,30.51,97959
USA,2022,Solar,56873399,70115685575,Policy change for Solar in USA,88027966 tons,25390,12.91,229787
USA,2022,Wind,154349353,64339992092,Policy change for Wind in USA,85703062 tons,76365,35.94,117615
USA,2022,Hydro,123961169,42366542204,Policy change for Hydro in USA,46202013 tons,56119,9.83,270404
USA,2022,Geothermal,149715472,34213872343,Policy change for Geothermal in USA,48790865 tons,47102,34.71,53152
USA,2022,Biomass,160873663,30973492744,Policy change for Biomass in USA,55302248 tons,75343,18.68,155779
USA,2023,Solar,190013360,71855178967,Policy change for Solar in USA,30322433 tons,92227,10.16,202789
USA,2023,Wind,115349597,69598063725,Policy change for Wind in USA,77273219 tons,98087,5.26,150482
USA,2023,Hydro,79943025,55902243034,Policy change for Hydro in USA,18927904 tons,70134,8.9,273756
USA,2023,Geothermal,60293801,52170437722,Policy change for Geothermal in USA,53038701 tons,26416,22.66,166902
USA,2023,Biomass,92501561,28365754911,Policy change for Biomass in USA,49380118 tons,30331,47.65,165093
Germany,2010,Solar,146277398,70226054021,Policy change for Solar in Germany,39832414 tons,60477,11.93,285228
Germany,2010,Wind,93766318,48267696471,Policy change for Wind in Germany,89111166 tons,70179,7.94,150418
Germany,2010,Hydro,188820686,75229890967,Policy change for Hydro in Germany,79705260 tons,74337,32.47,60927
Germany,2010,Geothermal,147956184,35176730434,Policy change for Geothermal in Germany,67463329 tons,65869,16.39,208878
Germany,2010,Biomass,136067462,55586529745,Policy change for Biomass in Germany,78509933 tons,77686,20.76,174406
Germany,2011,Solar,158779633,23214729824,Policy change for Solar in Germany,41558022 tons,22505,29.55,59252
Germany,2011,Wind,104469931,30671364900,Policy change for Wind in Germany,30153425 tons,72744,37.4,258529
Germany,2011,Hydro,151890793,70648656209,Policy change for Hydro in Germany,92154899 tons,48916,24.71,195309
Germany,2011,Geothermal,99300383,61475673757,Policy change for Geothermal in Germany,40640811 tons,46796,40.87,149437
Germany,2011,Biomass,79040320,69259829893,Policy change for Biomass in Germany,55560413 tons,42505,23.19,148927
Germany,2012,Solar,73168491,34047124475,Policy change for Solar in Germany,93188279 tons,69037,26.21,261431
Germany,2012,Wind,86035894,35319916020,Policy change for Wind in Germany,77808571 tons,16532,39.44,68144
Germany,2012,Hydro,180485653,73312255835,Policy change for Hydro in Germany,82009600 tons,48462,29.9,285325
Germany,2012,Geothermal,83193794,37580068988,Policy change for Geothermal in Germany,62023990 tons,81935,39.86,264250
Germany,2012,Biomass,79443981,46711030790,Policy change for Biomass in Germany,72719060 tons,36548,7.22,132209
Germany,2013,Solar,115349909,37659719524,Policy change for Solar in Germany,14268963 tons,39401,25.11,121560
Germany,2013,Wind,170280890,38715633947,Policy change for Wind in Germany,31639352 tons,42205,38.43,52449
Germany,2013,Hydro,103011837,71776432143,Policy change for Hydro in Germany,80194789 tons,11374,30.71,141451
Germany,2013,Geothermal,58341746,26044409151,Policy change for Geothermal in Germany,45804923 tons,87394,17.82,273877
Germany,2013,Biomass,120440047,33734510062,Policy change for Biomass in Germany,27734913 tons,40157,32.76,85280
Germany,2014,Solar,118493960,52779313222,Policy change for Solar in Germany,67267099 tons,58288,35.55,283086
Germany,2014,Wind,95775407,29774568994,Policy change for Wind in Germany,35724517 tons,65502,20.83,129348
Germany,2014,Hydro,174322732,30799445960,Policy change for Hydro in Germany,32735698 tons,53719,49.89,145348
Germany,2014,Geothermal,98347373,28442550310,Policy change for Geothermal in Germany,77913588 tons,58084,35.82,236561
Germany,2014,Biomass,89225150,25250583841,Policy change for Biomass in Germany,96130416 tons,90202,28.65,54544
Germany,2015,Solar,96487984,20234942978,Policy change for Solar in Germany,43856420 tons,27138,5.18,178571
Germany,2015,Wind,97394293,68808403452,Policy change for Wind in Germany,84281137 tons,37219,36.75,134864
Germany,2015,Hydro,124651659,79307150307,Policy change for Hydro in Germany,64259257 tons,99908,8.63,243215
Germany,2015,Geothermal,120582907,66013684572,Policy change for Geothermal in Germany,97368004 tons,83489,33.63,104174
Germany,2015,Biomass,79920689,68247950127,Policy change for Biomass in Germany,88247420 tons,12600,14,278482
Germany,2016,Solar,118096246,47909358237,Policy change for Solar in Germany,85858747 tons,12703,42.8,265674
Germany,2016,Wind,169002624,51232633650,Policy change for Wind in Germany,94716598 tons,12035,39.95,191121
Germany,2016,Hydro,107545565,29462901739,Policy change for Hydro in Germany,85688637 tons,36649,7.74,96447
Germany,2016,Geothermal,140703832,65883417284,Policy change for Geothermal in Germany,15180477 tons,34373,10.64,267438
Germany,2016,Biomass,77444878,69970550130,Policy change for Biomass in Germany,89681281 tons,63131,26.16,298765
Germany,2017,Solar,88544531,64280624818,Policy change for Solar in Germany,14731793 tons,75061,13.42,292214
Germany,2017,Wind,141109411,20659187613,Policy change for Wind in Germany,29535954 tons,20373,31.55,162940
Germany,2017,Hydro,186327849,77635468016,Policy change for Hydro in Germany,49185413 tons,50253,33.14,219007
Germany,2017,Geothermal,89483765,23443301713,Policy change for Geothermal in Germany,62242244 tons,36026,21.58,235015
Germany,2017,Biomass,91658647,52180845928,Policy change for Biomass in Germany,16428569 tons,45347,23.15,114196
Germany,2018,Solar,93509153,42997887039,Policy change for Solar in Germany,37043212 tons,32808,48.75,172350
Germany,2018,Wind,113457780,77389675336,Policy change for Wind in Germany,14854589 tons,16502,20.86,51856
Germany,2018,Hydro,184932416,53895191929,Policy change for Hydro in Germany,39883999 tons,16999,46.02,179202
Germany,2018,Geothermal,196188418,62245173061,Policy change for Geothermal in Germany,90809340 tons,96252,38.38,282594
Germany,2018,Biomass,138137197,31919220404,Policy change for Biomass in Germany,74575878 tons,74285,32.21,87721
Germany,2019,Solar,50736397,53210182804,Policy change for Solar in Germany,36111882 tons,16168,18.96,98854
Germany,2019,Wind,130914616,49770526169,Policy change for Wind in Germany,60947079 tons,44802,6.78,262511
Germany,2019,Hydro,199201273,75398024370,Policy change for Hydro in Germany,95288718 tons,73049,14.66,81135
Germany,2019,Geothermal,119438060,26528117448,Policy change for Geothermal in Germany,97978283 tons,79682,24.76,136376
Germany,2019,Biomass,68589957,72770500571,Policy change for Biomass in Germany,66149307 tons,57151,35.26,51949
Germany,2020,Solar,141912328,69926146403,Policy change for Solar in Germany,24106553 tons,60650,28.86,221769
Germany,2020,Wind,74925673,75363435469,Policy change for Wind in Germany,27931468 tons,64852,47.34,61852
Germany,2020,Hydro,100629397,75274331559,Policy change for Hydro in Germany,30661432 tons,37600,12.18,213860
Germany,2020,Geothermal,109591301,61242760947,Policy change for Geothermal in Germany,12975707 tons,99571,10.26,267521
Germany,2020,Biomass,135370341,34993449518,Policy change for Biomass in Germany,69797210 tons,98562,45.4,169526
Germany,2021,Solar,162297353,28040800937,Policy change for Solar in Germany,14183364 tons,50764,36.17,209437
Germany,2021,Wind,128527137,38344757851,Policy change for Wind in Germany,16302471 tons,68650,37.62,287048
Germany,2021,Hydro,158706523,50654627019,Policy change for Hydro in Germany,77869149 tons,39767,5.73,120846
Germany,2021,Geothermal,106759573,27818770196,Policy change for Geothermal in Germany,55491957 tons,23659,24.49,271731
Germany,2021,Biomass,61582290,60930219058,Policy change for Biomass in Germany,87092731 tons,54761,17.07,87800
Germany,2022,Solar,142063976,35325184859,Policy change for Solar in Germany,23697507 tons,96821,48.67,88977
Germany,2022,Wind,85708746,65260532772,Policy change for Wind in Germany,80655845 tons,58567,8.42,84551
Germany,2022,Hydro,69424477,77260574180,Policy change for Hydro in Germany,47593855 tons,12469,26.74,57395
Germany,2022,Geothermal,198192722,53406521065,Policy change for Geothermal in Germany,56620332 tons,28724,10.39,260785
Germany,2022,Biomass,158835741,50248058456,Policy change for Biomass in Germany,58134580 tons,69174,47.55,76089
Germany,2023,Solar,154787943,75248681297,Policy change for Solar in Germany,36393019 tons,98660,14.65,79452
Germany,2023,Wind,73221739,34808500609,Policy change for Wind in Germany,26935909 tons,51970,17.13,143700
Germany,2023,Hydro,184527980,21554279925,Policy change for Hydro in Germany,62296419 tons,70830,49.32,172616
Germany,2023,Geothermal,86486278,66093534805,Policy change for Geothermal in Germany,77258660 tons,18586,14.06,265903
Germany,2023,Biomass,84451018,46110900640,Policy change for Biomass in Germany,94855292 tons,61858,42.19,264116
India,2010,Solar,66193569,78269536412,Policy change for Solar in India,36479327 tons,86599,14.82,180400
India,2010,Wind,91864057,66972479654,Policy change for Wind in India,87078220 tons,88923,31.18,184898
India,2010,Hydro,160500687,49763921571,Policy change for Hydro in India,28035699 tons,96349,12.42,178807
India,2010,Geothermal,94642032,57803557217,Policy change for Geothermal in India,89806803 tons,47205,17.88,201556
India,2010,Biomass,51209315,26726112780,Policy change for Biomass in India,60921122 tons,86058,24.19,194603
India,2011,Solar,180594306,71539840860,Policy change for Solar in India,53249874 tons,75687,49.18,152393
India,2011,Wind,71628755,67566638487,Policy change for Wind in India,94690079 tons,61892,23.83,250965
India,2011,Hydro,62947554,72110771511,Policy change for Hydro in India,99385837 tons,13704,29.51,162553
India,2011,Geothermal,111583224,32548016596,Policy change for Geothermal in India,51518137 tons,28708,9.23,180452
India,2011,Biomass,90875682,54459613676,Policy change for Biomass in India,82260802 tons,44018,20.29,116817
India,2012,Solar,60229520,45033744864,Policy change for Solar in India,68692746 tons,40761,46.63,144230
India,2012,Wind,133707818,48388319594,Policy change for Wind in India,58841799 tons,97558,20.93,191017
India,2012,Hydro,119590717,27882573140,Policy change for Hydro in India,51160004 tons,60517,27.06,185409
India,2012,Geothermal,130766134,43478585991,Policy change for Geothermal in India,84744636 tons,28933,40.52,116710
India,2012,Biomass,164012879,58499792145,Policy change for Biomass in India,42350636 tons,42656,15.24,217476
India,2013,Solar,60171899,73872638816,Policy change for Solar in India,79323080 tons,84873,37.26,131545
India,2013,Wind,128729520,78210928308,Policy change for Wind in India,25176881 tons,21801,43.16,276326
India,2013,Hydro,107640708,52102336530,Policy change for Hydro in India,32274022 tons,84783,13.17,69309
India,2013,Geothermal,166089370,67975348105,Policy change for Geothermal in India,31234330 tons,96104,15.37,214188
India,2013,Biomass,98015399,52346440650,Policy change for Biomass in India,55488819 tons,28597,20.44,61749
India,2014,Solar,102854746,38414777378,Policy change for Solar in India,26536386 tons,21233,21.69,158433
India,2014,Wind,144255251,77951132277,Policy change for Wind in India,98686705 tons,96244,38.08,146110
India,2014,Hydro,128204014,20506926348,Policy change for Hydro in India,87875442 tons,51212,42.75,224906
India,2014,Geothermal,199322397,56171484516,Policy change for Geothermal in India,20234904 tons,56766,42.69,187019
India,2014,Biomass,134095566,21693506557,Policy change for Biomass in India,60490309 tons,98083,11.65,111525
India,2015,Solar,90822578,52874025518,Policy change for Solar in India,46332403 tons,30115,48.13,270447
India,2015,Wind,111762059,45091898004,Policy change for Wind in India,14530434 tons,10360,31.62,225583
India,2015,Hydro,177355035,44092575413,Policy change for Hydro in India,75848578 tons,24488,30.53,133257
India,2015,Geothermal,193215294,30041303604,Policy change for Geothermal in India,16716604 tons,75059,41.79,160186
India,2015,Biomass,135176219,35481075329,Policy change for Biomass in India,12220331 tons,20114,15.47,162199
India,2016,Solar,103089562,66284247356,Policy change for Solar in India,54040430 tons,20831,39.43,140749
India,2016,Wind,87570267,52637932585,Policy change for Wind in India,33669362 tons,59184,10.76,150089
India,2016,Hydro,78759722,42047041375,Policy change for Hydro in India,73319160 tons,28781,14.62,200070
India,2016,Geothermal,182467868,31191463144,Policy change for Geothermal in India,34429176 tons,75291,30.23,267501
India,2016,Biomass,160394795,79485758937,Policy change for Biomass in India,27153442 tons,31205,34.11,175569
India,2017,Solar,111071253,39391208317,Policy change for Solar in India,83700964 tons,11416,14.95,99603
India,2017,Wind,74825815,41764810268,Policy change for Wind in India,72903958 tons,66125,37.43,251831
India,2017,Hydro,97372664,28395913897,Policy change for Hydro in India,46144983 tons,93118,41.44,81378
India,2017,Geothermal,157432187,61871574019,Policy change for Geothermal in India,56675987 tons,17589,33.19,252722
India,2017,Biomass,143763232,23665096844,Policy change for Biomass in India,80581532 tons,54095,14.46,291766
India,2018,Solar,113188306,69882543211,Policy change for Solar in India,64507514 tons,85097,15.76,154273
India,2018,Wind,180815719,29097787946,Policy change for Wind in India,84695320 tons,56548,40.43,116441
India,2018,Hydro,164997206,38428263608,Policy change for Hydro in India,20916705 tons,53609,37.49,133814
India,2018,Geothermal,189355754,25113812087,Policy change for Geothermal in India,13220185 tons,47216,11.31,205582
India,2018,Biomass,173661745,73392963640,Policy change for Biomass in India,38090700 tons,10290,8.07,161527
India,2019,Solar,79676944,52684971826,Policy change for Solar in India,64204288 tons,72334,45.31,276703
India,2019,Wind,144730005,50298420078,Policy change for Wind in India,59931784 tons,50173,39.9,144778
India,2019,Hydro,98512637,34291136617,Policy change for Hydro in India,49600354 tons,33626,24.22,200086
India,2019,Geothermal,170411776,58014055917,Policy change for Geothermal in India,58571218 tons,52604,8.44,207157
India,2019,Biomass,56789493,76510337014,Policy change for Biomass in India,37939892 tons,59663,10.63,294399
India,2020,Solar,166071698,28518762625,Policy change for Solar in India,71561366 tons,50352,46.32,123321
India,2020,Wind,52613058,78197904534,Policy change for Wind in India,65927013 tons,27712,28.75,177927
India,2020,Hydro,120708017,53148036095,Policy change for Hydro in India,99756998 tons,42195,27.88,225705
India,2020,Geothermal,52562392,38952312344,Policy change for Geothermal in India,95669397 tons,61465,5.07,246951
India,2020,Biomass,142637422,52072434339,Policy change for Biomass in India,80030286 tons,68424,21.25,111712
India,2021,Solar,138818236,22878888965,Policy change for Solar in India,96364977 tons,84335,26.12,190642
India,2021,Wind,61105423,46556328219,Policy change for Wind in India,86033960 tons,57780,37.19,81257
India,2021,Hydro,155333093,30537957639,Policy change for Hydro in India,71625345 tons,81644,40.5,141354
India,2021,Geothermal,138040232,62971252869,Policy change for Geothermal in India,73982284 tons,21649,41.86,174036
India,2021,Biomass,142804971,73780717892,Policy change for Biomass in India,24501835 tons,99940,16.35,64484
India,2022,Solar,152814662,20857456980,Policy change for Solar in India,25554915 tons,18430,26.41,75229
India,2022,Wind,83127599,23751814168,Policy change for Wind in India,79565893 tons,42620,32.68,278749
India,2022,Hydro,61409988,74021632599,Policy change for Hydro in India,34806374 tons,64811,42.71,58567
India,2022,Geothermal,148905551,75952104135,Policy change for Geothermal in India,78921660 tons,91357,45.02,104505
India,2022,Biomass,117891093,29498485880,Policy change for Biomass in India,22115307 tons,61788,47.5,146298
India,2023,Solar,174193652,42229578005,Policy change for Solar in India,48953071 tons,85041,9.43,243009
India,2023,Wind,53441408,21817630299,Policy change for Wind in India,35144874 tons,56373,13.68,193767
India,2023,Hydro,158109739,36919212127,Policy change for Hydro in India,56635257 tons,25519,45.02,105752
India,2023,Geothermal,62922788,23077044434,Policy change for Geothermal in India,25253784 tons,30527,40.83,170173
India,2023,Biomass,108312164,25655549712,Policy change for Biomass in India,58320506 tons,30012,30.38,155994
China,2010,Solar,74157389,72488744056,Policy change for Solar in China,92117661 tons,52430,7.14,178006
China,2010,Wind,121034113,57826165073,Policy change for Wind in China,79274110 tons,54363,6.89,129583
China,2010,Hydro,179406761,72527488267,Policy change for Hydro in China,50182570 tons,40697,29.96,94095
China,2010,Geothermal,137258443,44224968335,Policy change for Geothermal in China,21034034 tons,23321,41.75,125092
China,2010,Biomass,175847521,20306069670,Policy change for Biomass in China,76377880 tons,60005,38.34,93744
China,2011,Solar,138807514,46764240267,Policy change for Solar in China,99440237 tons,93414,9.12,139551
China,2011,Wind,143306559,63895183630,Policy change for Wind in China,13019156 tons,29920,8.94,127549
China,2011,Hydro,127204110,68898576282,Policy change for Hydro in China,75907185 tons,33022,14.6,220227
China,2011,Geothermal,87525063,46121267275,Policy change for Geothermal in China,81566814 tons,44979,18.44,98377
China,2011,Biomass,118989959,42842653292,Policy change for Biomass in China,84708672 tons,25491,6.45,76572
China,2012,Solar,148235493,51548781002,Policy change for Solar in China,40243166 tons,39187,44.77,98759
China,2012,Wind,60451205,27255306589,Policy change for Wind in China,30024134 tons,30644,47.21,153991
China,2012,Hydro,94925411,49407458927,Policy change for Hydro in China,48504430 tons,79662,13.89,85894
China,2012,Geothermal,164355676,59515724339,Policy change for Geothermal in China,37637534 tons,67711,41.72,115042
China,2012,Biomass,145510866,72715435606,Policy change for Biomass in China,92127769 tons,25279,20.86,201547
China,2013,Solar,187633955,37539725331,Policy change for Solar in China,59423815 tons,59925,8.89,98492
China,2013,Wind,50097552,60516632447,Policy change for Wind in China,75741088 tons,19415,7.55,280269
China,2013,Hydro,168127644,71473724150,Policy change for Hydro in China,84784713 tons,75993,21.3,68804
China,2013,Geothermal,136973871,35059112286,Policy change for Geothermal in China,73518556 tons,91793,29.18,156739
China,2013,Biomass,79876933,62312302673,Policy change for Biomass in China,68688945 tons,76617,10.83,206897
China,2014,Solar,56995984,46729629813,Policy change for Solar in China,32868404 tons,50513,9.52,227678
China,2014,Wind,104727930,54736133281,Policy change for Wind in China,56162088 tons,99117,43.38,143223
China,2014,Hydro,89456434,72293468499,Policy change for Hydro in China,86250772 tons,28004,42.48,265750
China,2014,Geothermal,109971464,58747611193,Policy change for Geothermal in China,39261981 tons,84578,34.27,291835
China,2014,Biomass,76223913,36487353369,Policy change for Biomass in China,68046250 tons,87341,9.06,213239
China,2015,Solar,161885237,77141843602,Policy change for Solar in China,63526315 tons,74327,47.91,130669
China,2015,Wind,165671723,24654493478,Policy change for Wind in China,46537739 tons,43456,32.22,284731
China,2015,Hydro,118735941,35854447543,Policy change for Hydro in China,62355879 tons,68096,14.93,123836
China,2015,Geothermal,75543262,67496256284,Policy change for Geothermal in China,35651232 tons,28633,49.61,188610
China,2015,Biomass,137972575,54192233829,Policy change for Biomass in China,46737704 tons,94380,34.25,93913
China,2016,Solar,71341823,25090232866,Policy change for Solar in China,77706143 tons,76771,35.38,252186
China,2016,Wind,105942322,41829786999,Policy change for Wind in China,55075911 tons,93196,26.09,198292
China,2016,Hydro,53705179,71356918221,Policy change for Hydro in China,20823485 tons,98417,25.51,89777
China,2016,Geothermal,95936585,36052913537,Policy change for Geothermal in China,30320719 tons,56755,15.09,267951
China,2016,Biomass,57587492,40424058259,Policy change for Biomass in China,68525354 tons,15540,16.03,139572
China,2017,Solar,177864664,34340719288,Policy change for Solar in China,49742966 tons,41266,24.79,259767
China,2017,Wind,80295243,56463714631,Policy change for Wind in China,26335327 tons,90393,42.21,140487
China,2017,Hydro,163592504,21822390463,Policy change for Hydro in China,71637780 tons,15274,8.87,76028
China,2017,Geothermal,59944870,46185090476,Policy change for Geothermal in China,29924232 tons,97179,18.02,286609
China,2017,Biomass,59233438,23578580038,Policy change for Biomass in China,68260519 tons,30954,16.41,248538
China,2018,Solar,117714006,24826320763,Policy change for Solar in China,76514614 tons,73260,34.91,255393
China,2018,Wind,115206366,53922724180,Policy change for Wind in China,92542814 tons,60757,32.98,261981
China,2018,Hydro,184468990,74781698403,Policy change for Hydro in China,28830353 tons,36680,13.99,198136
China,2018,Geothermal,106495202,21423368872,Policy change for Geothermal in China,69073142 tons,25753,36.03,224825
China,2018,Biomass,134065509,77523504019,Policy change for Biomass in China,96790976 tons,75321,44.09,87870
China,2019,Solar,59688636,65217324906,Policy change for Solar in China,82963247 tons,84574,15.93,97669
China,2019,Wind,86766776,30967856235,Policy change for Wind in China,95212478 tons,32263,38.26,124482
China,2019,Hydro,106266142,29935669147,Policy change for Hydro in China,96030806 tons,99670,20.01,133121
China,2019,Geothermal,51284577,33424403977,Policy change for Geothermal in China,85734747 tons,45331,13.96,264381
China,2019,Biomass,76156975,60648253532,Policy change for Biomass in China,58412805 tons,97310,5.65,280314
China,2020,Solar,179628045,27430258579,Policy change for Solar in China,56152017 tons,96827,18.7,125878
China,2020,Wind,87395278,67103890525,Policy change for Wind in China,58146296 tons,48940,39.03,251802
China,2020,Hydro,116906302,21868864770,Policy change for Hydro in China,29999140 tons,48696,6.41,174315
China,2020,Geothermal,168343853,43006612322,Policy change for Geothermal in China,36763469 tons,31502,15.19,297191
China,2020,Biomass,130974689,55433101535,Policy change for Biomass in China,43290364 tons,47142,38.58,280728
China,2021,Solar,189492148,46634426360,Policy change for Solar in China,25494284 tons,74161,36.29,255555
China,2021,Wind,62220640,25620566288,Policy change for Wind in China,24183298 tons,69360,46.57,106511
China,2021,Hydro,185472893,61544522238,Policy change for Hydro in China,70057404 tons,84042,44.05,131978
China,2021,Geothermal,187288421,28603298270,Policy change for Geothermal in China,99804966 tons,14112,38.33,283092
China,2021,Biomass,112978884,24787161258,Policy change for Biomass in China,67576676 tons,94516,36.71,132326
China,2022,Solar,168210074,76519216416,Policy change for Solar in China,83799988 tons,83420,32.92,149042
China,2022,Wind,157187995,37112283161,Policy change for Wind in China,77098177 tons,26030,26.57,121377
China,2022,Hydro,178034437,33659988344,Policy change for Hydro in China,97995945 tons,80872,27.01,159151
China,2022,Geothermal,174436331,67160043911,Policy change for Geothermal in China,72164476 tons,80309,16.31,154069
China,2022,Biomass,75056048,42894156664,Policy change for Biomass in China,44763772 tons,56787,25.82,79292
China,2023,Solar,116741949,68995734371,Policy change for Solar in China,58662232 tons,54158,45.21,154095
China,2023,Wind,80180047,36575203071,Policy change for Wind in China,66925902 tons,95473,21.15,67511
China,2023,Hydro,74749876,41165924188,Policy change for Hydro in China,60624832 tons,83776,28.81,136090
China,2023,Geothermal,194492314,36685468575,Policy change for Geothermal in China,43501119 tons,79209,6.96,181259
China,2023,Biomass,97160643,40847543199,Policy change for Biomass in China,37856875 tons,26611,31.46,142912
Brazil,2010,Solar,101504118,66691841585,Policy change for Solar in Brazil,75759245 tons,74049,17.16,230158
Brazil,2010,Wind,90615415,39474127414,Policy change for Wind in Brazil,16225070 tons,44067,41.32,232464
Brazil,2010,Hydro,191305339,26334133062,Policy change for Hydro in Brazil,18172988 tons,63192,10.02,144754
Brazil,2010,Geothermal,64550194,30756483017,Policy change for Geothermal in Brazil,87063526 tons,88637,18.87,161698
Brazil,2010,Biomass,167651625,47357828123,Policy change for Biomass in Brazil,43824554 tons,93990,35.13,136366
Brazil,2011,Solar,175226220,73616033499,Policy change for Solar in Brazil,98628393 tons,49430,45.07,290349
Brazil,2011,Wind,183225954,54378130779,Policy change for Wind in Brazil,87468518 tons,24101,37.21,254798
Brazil,2011,Hydro,70463418,39336308932,Policy change for Hydro in Brazil,25158905 tons,56334,10.22,142765
Brazil,2011,Geothermal,91332302,32135941104,Policy change for Geothermal in Brazil,20005409 tons,77034,43.46,178829
Brazil,2011,Biomass,133158074,33038918666,Policy change for Biomass in Brazil,22384121 tons,35995,47.21,140652
Brazil,2012,Solar,172945678,27984062588,Policy change for Solar in Brazil,56494609 tons,68931,15.23,299797
Brazil,2012,Wind,153506878,49003138767,Policy change for Wind in Brazil,92319666 tons,64437,24,147396
Brazil,2012,Hydro,102549299,44157306415,Policy change for Hydro in Brazil,26906668 tons,88481,46.93,106059
Brazil,2012,Geothermal,60813938,33459679726,Policy change for Geothermal in Brazil,36177730 tons,57549,12.47,108457
Brazil,2012,Biomass,66385340,44021400562,Policy change for Biomass in Brazil,67987114 tons,40475,35.55,130543
Brazil,2013,Solar,148337616,76076293981,Policy change for Solar in Brazil,84265468 tons,94646,35.45,214343
Brazil,2013,Wind,189711208,40810201688,Policy change for Wind in Brazil,49323027 tons,39178,25.49,86200
Brazil,2013,Hydro,103345804,30256659405,Policy change for Hydro in Brazil,66420546 tons,12538,29.42,292633
Brazil,2013,Geothermal,187330215,20967556477,Policy change for Geothermal in Brazil,89393894 tons,56390,40.79,154606
Brazil,2013,Biomass,66769107,51977021227,Policy change for Biomass in Brazil,93202196 tons,74020,45.91,137961
Brazil,2014,Solar,156084136,36173890371,Policy change for Solar in Brazil,24016084 tons,56650,49.23,193076
Brazil,2014,Wind,172306841,46354591673,Policy change for Wind in Brazil,24758738 tons,62233,21.71,127202
Brazil,2014,Hydro,97861697,76907508531,Policy change for Hydro in Brazil,38022904 tons,41127,6.34,246212
Brazil,2014,Geothermal,168967735,24703088936,Policy change for Geothermal in Brazil,90236126 tons,59439,18.78,156297
Brazil,2014,Biomass,186378950,52820269708,Policy change for Biomass in Brazil,31325508 tons,20083,41.97,212763
Brazil,2015,Solar,110488151,46475952721,Policy change for Solar in Brazil,94411980 tons,32137,23.96,94284
Brazil,2015,Wind,67301815,43996222914,Policy change for Wind in Brazil,74614638 tons,11987,47.75,80886
Brazil,2015,Hydro,105782620,68281431800,Policy change for Hydro in Brazil,36353984 tons,50947,10.04,273996
Brazil,2015,Geothermal,57928552,65481456363,Policy change for Geothermal in Brazil,69047596 tons,83002,40.83,281871
Brazil,2015,Biomass,102445269,66226773334,Policy change for Biomass in Brazil,14348354 tons,64486,48.42,93267
Brazil,2016,Solar,96822524,35039984612,Policy change for Solar in Brazil,35716475 tons,76081,11.15,261493
Brazil,2016,Wind,52481033,25831750289,Policy change for Wind in Brazil,97968610 tons,25266,13.17,275831
Brazil,2016,Hydro,53106111,55110830173,Policy change for Hydro in Brazil,60954409 tons,24231,32.94,247552
Brazil,2016,Geothermal,173022798,56981623018,Policy change for Geothermal in Brazil,78161793 tons,50662,32.62,297597
Brazil,2016,Biomass,175022098,74093284800,Policy change for Biomass in Brazil,36403669 tons,44247,43.12,238539
Brazil,2017,Solar,111215836,27642512483,Policy change for Solar in Brazil,82037147 tons,27385,8.62,259279
Brazil,2017,Wind,151481071,39205111732,Policy change for Wind in Brazil,46240493 tons,20485,15.43,115048
Brazil,2017,Hydro,173931529,20451184318,Policy change for Hydro in Brazil,56306610 tons,37020,42.93,160169
Brazil,2017,Geothermal,59157963,26853663518,Policy change for Geothermal in Brazil,78826234 tons,79430,10.06,75257
Brazil,2017,Biomass,73140212,26066200270,Policy change for Biomass in Brazil,87483158 tons,46381,45.35,249331
Brazil,2018,Solar,76329868,50398597329,Policy change for Solar in Brazil,66550403 tons,95826,18.92,108717
Brazil,2018,Wind,75089110,52626544908,Policy change for Wind in Brazil,61433182 tons,19576,18.73,234334
Brazil,2018,Hydro,185151331,54366690514,Policy change for Hydro in Brazil,16890645 tons,72754,37.96,177943
Brazil,2018,Geothermal,96397772,75004402613,Policy change for Geothermal in Brazil,23798894 tons,11480,39.98,103228
Brazil,2018,Biomass,62524126,47104393184,Policy change for Biomass in Brazil,78390668 tons,83763,30.08,133460
Brazil,2019,Solar,81150886,75778684719,Policy change for Solar in Brazil,78720067 tons,26670,13.34,164626
Brazil,2019,Wind,176006541,41321900069,Policy change for Wind in Brazil,96403627 tons,23793,41.94,162751
Brazil,2019,Hydro,59346585,43391913597,Policy change for Hydro in Brazil,84149343 tons,79857,20.11,107708
Brazil,2019,Geothermal,146596276,41388871245,Policy change for Geothermal in Brazil,84060469 tons,58695,5.8,63162
Brazil,2019,Biomass,64370339,21139333748,Policy change for Biomass in Brazil,88465549 tons,37666,36.34,81170
Brazil,2020,Solar,160076065,64234752187,Policy change for Solar in Brazil,75475416 tons,47943,15.3,57708
Brazil,2020,Wind,186110829,57321950143,Policy change for Wind in Brazil,35754811 tons,15278,15.72,53634
Brazil,2020,Hydro,197575196,56319736088,Policy change for Hydro in Brazil,54377282 tons,21775,28.88,56352
Brazil,2020,Geothermal,135361348,65663229208,Policy change for Geothermal in Brazil,20892539 tons,80446,24.08,263238
Brazil,2020,Biomass,136201846,27235025735,Policy change for Biomass in Brazil,98563103 tons,89060,12.99,277489
Brazil,2021,Solar,98669599,58617719420,Policy change for Solar in Brazil,25090994 tons,93213,48.08,96428
Brazil,2021,Wind,199830340,78066813481,Policy change for Wind in Brazil,51104428 tons,35515,24.3,52253
Brazil,2021,Hydro,146172062,23331596357,Policy change for Hydro in Brazil,64009084 tons,21412,24.6,168762
Brazil,2021,Geothermal,145512168,68053969594,Policy change for Geothermal in Brazil,29074391 tons,56578,47.94,53134
Brazil,2021,Biomass,135925196,46770721649,Policy change for Biomass in Brazil,35881048 tons,46885,23.18,203021
Brazil,2022,Solar,99638786,30329699349,Policy change for Solar in Brazil,47361836 tons,95163,36.12,162471
Brazil,2022,Wind,198453676,59610385086,Policy change for Wind in Brazil,29457436 tons,74276,45.48,289236
Brazil,2022,Hydro,144864341,61819251609,Policy change for Hydro in Brazil,13843313 tons,53475,9.53,157760
Brazil,2022,Geothermal,76982283,48279340671,Policy change for Geothermal in Brazil,35920035 tons,26711,14.88,258334
Brazil,2022,Biomass,80456319,32374732424,Policy change for Biomass in Brazil,54605478 tons,32307,32.56,212850
Brazil,2023,Solar,160287490,28756368447,Policy change for Solar in Brazil,31655392 tons,62373,35.61,221020
Brazil,2023,Wind,125796241,40112413898,Policy change for Wind in Brazil,49082363 tons,40170,6.87,233483
Brazil,2023,Hydro,158008024,32204089102,Policy change for Hydro in Brazil,19247535 tons,51043,30.1,238837
Brazil,2023,Geothermal,122364698,55468513952,Policy change for Geothermal in Brazil,15588390 tons,28508,23.61,208984
Brazil,2023,Biomass,97749179,53486802722,Policy change for Biomass in Brazil,66601044 tons,61437,35.16,176914
Australia,2010,Solar,110325440,56152877616,Policy change for Solar in Australia,85266290 tons,86530,35.88,240873
Australia,2010,Wind,150771964,45273027540,Policy change for Wind in Australia,81818812 tons,45066,43.77,68271
Australia,2010,Hydro,107935754,56300067467,Policy change for Hydro in Australia,12993241 tons,25843,42.86,150375
Australia,2010,Geothermal,94700289,76917100830,Policy change for Geothermal in Australia,65050359 tons,79037,20.25,55285
Australia,2010,Biomass,60134143,79441938825,Policy change for Biomass in Australia,97926572 tons,76560,44.62,168687
Australia,2011,Solar,163262971,51530466193,Policy change for Solar in Australia,11381064 tons,39331,44.9,228730
Australia,2011,Wind,82305963,53591152450,Policy change for Wind in Australia,57669267 tons,28113,42.35,97153
Australia,2011,Hydro,192188047,78900846979,Policy change for Hydro in Australia,56602173 tons,20640,18.36,125695
Australia,2011,Geothermal,149494369,28927228069,Policy change for Geothermal in Australia,20796567 tons,35708,34.42,294833
Australia,2011,Biomass,98857155,35790455550,Policy change for Biomass in Australia,11425816 tons,44620,39.01,51392
Australia,2012,Solar,105133241,25858548668,Policy change for Solar in Australia,28037472 tons,10470,33.27,205856
Australia,2012,Wind,193631330,38249317710,Policy change for Wind in Australia,57903379 tons,42578,42.78,50052
Australia,2012,Hydro,129295378,31378709025,Policy change for Hydro in Australia,93334979 tons,13979,12.57,165316
Australia,2012,Geothermal,122185576,45763848532,Policy change for Geothermal in Australia,91095549 tons,12171,30.32,285109
Australia,2012,Biomass,152122749,70241770113,Policy change for Biomass in Australia,54769398 tons,64356,32.83,268846
Australia,2013,Solar,120602179,64161227479,Policy change for Solar in Australia,69143197 tons,34467,15.69,142282
Australia,2013,Wind,75846810,38440180472,Policy change for Wind in Australia,81853381 tons,88977,47.62,124635
Australia,2013,Hydro,139944620,60175689032,Policy change for Hydro in Australia,53068983 tons,20209,5.78,62642
Australia,2013,Geothermal,144313932,54340600300,Policy change for Geothermal in Australia,16072205 tons,54518,21.54,110156
Australia,2013,Biomass,164056776,70540245068,Policy change for Biomass in Australia,67622587 tons,26051,42.84,110399
Australia,2014,Solar,55369759,52229165444,Policy change for Solar in Australia,98695866 tons,45547,6.54,72054
Australia,2014,Wind,104660592,44482428858,Policy change for Wind in Australia,44025342 tons,15161,46.81,290742
Australia,2014,Hydro,189533122,56017821242,Policy change for Hydro in Australia,49782345 tons,70814,40.52,176205
Australia,2014,Geothermal,116030154,36736808361,Policy change for Geothermal in Australia,81057395 tons,85466,47.93,265579
Australia,2014,Biomass,174723403,51258038735,Policy change for Biomass in Australia,95456205 tons,19565,14.8,180321
Australia,2015,Solar,188708262,56275473089,Policy change for Solar in Australia,20987195 tons,24371,17.54,279698
Australia,2015,Wind,80435153,20560746777,Policy change for Wind in Australia,87184174 tons,31776,12.17,56481
Australia,2015,Hydro,161464013,38297244280,Policy change for Hydro in Australia,76521624 tons,67274,7.41,96661
Australia,2015,Geothermal,178216977,34296846685,Policy change for Geothermal in Australia,82829313 tons,20736,40.46,261214
Australia,2015,Biomass,176508939,61612659961,Policy change for Biomass in Australia,51545540 tons,65488,49.25,81567
Australia,2016,Solar,110958511,32557102469,Policy change for Solar in Australia,46061377 tons,24576,39.78,298923
Australia,2016,Wind,163599258,71790660785,Policy change for Wind in Australia,90433675 tons,48998,5.5,274878
Australia,2016,Hydro,167869629,33313828883,Policy change for Hydro in Australia,85350306 tons,67718,39.62,104950
Australia,2016,Geothermal,129402345,57122761228,Policy change for Geothermal in Australia,20008939 tons,84740,15.27,212833
Australia,2016,Biomass,177338934,27331295104,Policy change for Biomass in Australia,99608106 tons,62957,28.84,292401
Australia,2017,Solar,112326467,41923457187,Policy change for Solar in Australia,78366715 tons,59882,15.14,73818
Australia,2017,Wind,71261538,79400551514,Policy change for Wind in Australia,59645995 tons,92410,16.07,155153
Australia,2017,Hydro,92301630,52488625833,Policy change for Hydro in Australia,31140568 tons,49997,31.5,258201
Australia,2017,Geothermal,155190439,78504749890,Policy change for Geothermal in Australia,88293105 tons,57861,6.81,89772
Australia,2017,Biomass,143369070,35540277397,Policy change for Biomass in Australia,95433731 tons,20048,11.68,167483
Australia,2018,Solar,116748996,54412477864,Policy change for Solar in Australia,12164191 tons,21345,28.37,208064
Australia,2018,Wind,175612192,58498164237,Policy change for Wind in Australia,50552335 tons,24712,9.18,272395
Australia,2018,Hydro,67760275,66229933296,Policy change for Hydro in Australia,85228574 tons,38780,19.09,50140
Australia,2018,Geothermal,117635211,77422283419,Policy change for Geothermal in Australia,77996824 tons,51004,16.28,133781
Australia,2018,Biomass,95144027,22968479803,Policy change for Biomass in Australia,33533003 tons,36497,48.08,255912
Australia,2019,Solar,94558707,74779700429,Policy change for Solar in Australia,51377228 tons,84748,37.28,165137
Australia,2019,Wind,192248085,66962211989,Policy change for Wind in Australia,59276278 tons,87324,45.45,255689
Australia,2019,Hydro,197180854,67351421817,Policy change for Hydro in Australia,17089658 tons,42722,34.44,55293
Australia,2019,Geothermal,165696104,27719944628,Policy change for Geothermal in Australia,81094276 tons,48981,25.39,198162
Australia,2019,Biomass,121527682,67682031921,Policy change for Biomass in Australia,26020633 tons,78571,16.42,96629
Australia,2020,Solar,91186479,68101464831,Policy change for Solar in Australia,93622673 tons,36208,44.09,138361
Australia,2020,Wind,158043675,43052968141,Policy change for Wind in Australia,15129452 tons,63769,40.15,132205
Australia,2020,Hydro,60880448,67203051246,Policy change for Hydro in Australia,54821751 tons,23217,10.3,78246
Australia,2020,Geothermal,61302846,53225842255,Policy change for Geothermal in Australia,51857388 tons,31669,12.22,116966
Australia,2020,Biomass,56520932,41389687804,Policy change for Biomass in Australia,77697441 tons,23708,41.49,168594
Australia,2021,Solar,106296170,63451667638,Policy change for Solar in Australia,92924045 tons,57034,42.46,83448
Australia,2021,Wind,145762477,61410892782,Policy change for Wind in Australia,67191138 tons,46158,11.07,155337
Australia,2021,Hydro,91304051,32116102002,Policy change for Hydro in Australia,69990058 tons,96257,44.02,145566
Australia,2021,Geothermal,120423103,22646367021,Policy change for Geothermal in Australia,98322354 tons,54905,13.11,125212
Australia,2021,Biomass,134003011,20068466043,Policy change for Biomass in Australia,41812533 tons,66392,37.02,67899
Australia,2022,Solar,126012199,20914865945,Policy change for Solar in Australia,17037691 tons,23547,40.82,207126
Australia,2022,Wind,130036090,61524136413,Policy change for Wind in Australia,50194120 tons,68789,7.79,207731
Australia,2022,Hydro,167441912,36877260169,Policy change for Hydro in Australia,12017509 tons,17853,11.1,94950
Australia,2022,Geothermal,179831608,39839515077,Policy change for Geothermal in Australia,92309028 tons,39209,42.03,195087
Australia,2022,Biomass,50591791,30354057445,Policy change for Biomass in Australia,72278503 tons,61072,29.52,85447
Australia,2023,Solar,72945651,22243342411,Policy change for Solar in Australia,12161198 tons,64105,9.27,224385
Australia,2023,Wind,114318088,60690727160,Policy change for Wind in Australia,95968334 tons,54454,36.39,191395
Australia,2023,Hydro,57085395,47442467045,Policy change for Hydro in Australia,60884172 tons,29410,48,77042
Australia,2023,Geothermal,114477125,76478333491,Policy change for Geothermal in Australia,92004803 tons,64716,14.08,231610
Australia,2023,Biomass,99141716,73403365939,Policy change for Biomass in Australia,24664328 tons,77906,8.63,111648
Canada,2010,Solar,160230103,25708229735,Policy change for Solar in Canada,17361690 tons,30414,37.07,268231
Canada,2010,Wind,57006768,34330600543,Policy change for Wind in Canada,24011100 tons,29277,33.08,68148
Canada,2010,Hydro,71228033,50736716085,Policy change for Hydro in Canada,25782928 tons,98323,13.27,178431
Canada,2010,Geothermal,87280239,20840776914,Policy change for Geothermal in Canada,58867585 tons,78046,49.57,225698
Canada,2010,Biomass,132036973,42090940695,Policy change for Biomass in Canada,36289650 tons,36157,18.84,296480
Canada,2011,Solar,180223660,58385391630,Policy change for Solar in Canada,20113663 tons,99233,16.65,186873
Canada,2011,Wind,66789553,73909491859,Policy change for Wind in Canada,26274202 tons,66606,21.69,276105
Canada,2011,Hydro,55620391,39916310439,Policy change for Hydro in Canada,37037319 tons,68918,16.85,103054
Canada,2011,Geothermal,140890643,47188370893,Policy change for Geothermal in Canada,96817024 tons,66281,22.17,220912
Canada,2011,Biomass,129164167,40884792046,Policy change for Biomass in Canada,34249728 tons,61568,49.5,265048
Canada,2012,Solar,120204656,30800568932,Policy change for Solar in Canada,14643377 tons,83430,9.12,233578
Canada,2012,Wind,187112662,68309962683,Policy change for Wind in Canada,65601004 tons,29037,6.05,297454
Canada,2012,Hydro,81989731,22390244861,Policy change for Hydro in Canada,30908846 tons,70766,28.62,95952
Canada,2012,Geothermal,159846859,28242753123,Policy change for Geothermal in Canada,61470869 tons,79180,23.97,186258
Canada,2012,Biomass,96051913,68423880733,Policy change for Biomass in Canada,69722824 tons,93360,18.91,116086
Canada,2013,Solar,103097613,43229756947,Policy change for Solar in Canada,80776041 tons,54800,28.94,183176
Canada,2013,Wind,57906010,30543347205,Policy change for Wind in Canada,42035130 tons,56455,12.6,139215
Canada,2013,Hydro,140487651,24532801276,Policy change for Hydro in Canada,36548034 tons,83585,21.24,292996
Canada,2013,Geothermal,103557050,45930598714,Policy change for Geothermal in Canada,44033873 tons,26604,43.03,238689
Canada,2013,Biomass,86858568,68302537810,Policy change for Biomass in Canada,51037101 tons,56625,45.87,225047
Canada,2014,Solar,115332654,43378286248,Policy change for Solar in Canada,94290239 tons,67905,39.58,263440
Canada,2014,Wind,198841525,38256169246,Policy change for Wind in Canada,40443573 tons,41719,22.86,147686
Canada,2014,Hydro,158016671,70182379699,Policy change for Hydro in Canada,40691679 tons,10281,30.43,76102
Canada,2014,Geothermal,107466976,49557194826,Policy change for Geothermal in Canada,31476539 tons,76400,14.87,297220
Canada,2014,Biomass,64827807,32114715905,Policy change for Biomass in Canada,22603491 tons,91562,43.22,285814
Canada,2015,Solar,114078230,59886918565,Policy change for Solar in Canada,35147877 tons,59730,10.52,98305
Canada,2015,Wind,135662542,59953405655,Policy change for Wind in Canada,69311030 tons,19649,46.36,171650
Canada,2015,Hydro,121769931,34108846224,Policy change for Hydro in Canada,64208415 tons,81076,40.39,66076
Canada,2015,Geothermal,97036177,78062758021,Policy change for Geothermal in Canada,98389202 tons,68961,32.56,189779
Canada,2015,Biomass,165478398,75419097122,Policy change for Biomass in Canada,60953382 tons,89543,25.47,210466
Canada,2016,Solar,75219702,49669972584,Policy change for Solar in Canada,35874790 tons,38481,40.35,216773
Canada,2016,Wind,58664489,30973931470,Policy change for Wind in Canada,12148452 tons,87252,6.64,151773
Canada,2016,Hydro,153812646,75815687118,Policy change for Hydro in Canada,32451083 tons,70160,31.54,114949
Canada,2016,Geothermal,88229657,59877324645,Policy change for Geothermal in Canada,13517311 tons,96016,23.74,94925
Canada,2016,Biomass,144010562,54393647827,Policy change for Biomass in Canada,27889181 tons,40861,29.03,117566
Canada,2017,Solar,174781731,43743863842,Policy change for Solar in Canada,77697530 tons,45730,32.38,195016
Canada,2017,Wind,67055009,61205941119,Policy change for Wind in Canada,41003882 tons,61449,24.38,199464
Canada,2017,Hydro,139678988,38636003406,Policy change for Hydro in Canada,63371832 tons,91470,38.91,61988
Canada,2017,Geothermal,166818543,22202175561,Policy change for Geothermal in Canada,31209567 tons,15223,40.91,59128
Canada,2017,Biomass,194773170,48697802050,Policy change for Biomass in Canada,52149678 tons,15564,16.68,57906
Canada,2018,Solar,167034395,57529521173,Policy change for Solar in Canada,58546657 tons,67897,35.56,236539
Canada,2018,Wind,102422639,74853940552,Policy change for Wind in Canada,27318357 tons,74409,25.07,287206
Canada,2018,Hydro,175703130,42731704665,Policy change for Hydro in Canada,73760700 tons,50368,42.92,246276
Canada,2018,Geothermal,178083723,37891984089,Policy change for Geothermal in Canada,75947710 tons,26908,21.52,93647
Canada,2018,Biomass,107069504,51208464794,Policy change for Biomass in Canada,17507248 tons,94249,31.39,145742
Canada,2019,Solar,180552433,75292460515,Policy change for Solar in Canada,60215405 tons,24163,25.06,99858
Canada,2019,Wind,53521422,72310778279,Policy change for Wind in Canada,25752134 tons,63297,15.14,173710
Canada,2019,Hydro,107708485,70349553105,Policy change for Hydro in Canada,78026916 tons,59144,43.7,201500
Canada,2019,Geothermal,131170698,73183704241,Policy change for Geothermal in Canada,34708820 tons,13935,10.4,123461
Canada,2019,Biomass,69666540,31539036297,Policy change for Biomass in Canada,33931502 tons,55951,43.63,112131
Canada,2020,Solar,130912241,27937318220,Policy change for Solar in Canada,74148540 tons,13822,21.39,256044
Canada,2020,Wind,123670889,75892321265,Policy change for Wind in Canada,36584155 tons,65370,30.67,147346
Canada,2020,Hydro,154051991,62436097973,Policy change for Hydro in Canada,51921998 tons,22396,9.29,221276
Canada,2020,Geothermal,145836324,59522876859,Policy change for Geothermal in Canada,68202777 tons,43490,5.02,265647
Canada,2020,Biomass,159427603,71263324723,Policy change for Biomass in Canada,19845828 tons,26512,19.67,99204
Canada,2021,Solar,90437432,65068388352,Policy change for Solar in Canada,76141153 tons,77573,7.89,276699
Canada,2021,Wind,77665300,69336424826,Policy change for Wind in Canada,37195326 tons,65397,24.99,70703
Canada,2021,Hydro,147553757,25952519021,Policy change for Hydro in Canada,58471022 tons,59471,20.25,196346
Canada,2021,Geothermal,104267277,50698878390,Policy change for Geothermal in Canada,23744043 tons,91929,22.28,157017
Canada,2021,Biomass,135053826,36344139747,Policy change for Biomass in Canada,24870079 tons,70382,35.95,203810
Canada,2022,Solar,129276833,77164041613,Policy change for Solar in Canada,93947988 tons,46913,29.4,240313
Canada,2022,Wind,66157840,22231656070,Policy change for Wind in Canada,28514113 tons,67824,48.37,266477
Canada,2022,Hydro,100751048,51294036616,Policy change for Hydro in Canada,36412110 tons,30268,42.15,257706
Canada,2022,Geothermal,151263618,25929584327,Policy change for Geothermal in Canada,92461973 tons,84973,20.4,230542
Canada,2022,Biomass,190317964,60828334235,Policy change for Biomass in Canada,47532212 tons,43632,49.89,260545
Canada,2023,Solar,85360957,30618679012,Policy change for Solar in Canada,29040048 tons,36575,35.25,157606
Canada,2023,Wind,101782926,74338883634,Policy change for Wind in Canada,59875910 tons,31023,9.25,138812
Canada,2023,Hydro,166087807,65851006795,Policy change for Hydro in Canada,54799908 tons,67926,11.48,112411
Canada,2023,Geothermal,160171164,47084366942,Policy change for Geothermal in Canada,22552719 tons,89947,13.63,226571
Canada,2023,Biomass,193379345,42333697033,Policy change for Biomass in Canada,14262879 tons,98164,11.78,189476
UK,2010,Solar,95524176,59864269195,Policy change for Solar in UK,27266398 tons,92949,21.85,121403
UK,2010,Wind,160650669,71384165373,Policy change for Wind in UK,71720880 tons,98324,34.8,71618
UK,2010,Hydro,143884880,66807152153,Policy change for Hydro in UK,60850255 tons,94307,46.06,96032
UK,2010,Geothermal,102028171,76681769101,Policy change for Geothermal in UK,29183996 tons,47970,38.55,211258
UK,2010,Biomass,159026043,59036819944,Policy change for Biomass in UK,45601739 tons,55162,21.19,230808
UK,2011,Solar,168905228,27575529324,Policy change for Solar in UK,74713578 tons,24024,46.46,177624
UK,2011,Wind,151260459,27341445313,Policy change for Wind in UK,72003576 tons,50124,43.77,202800
UK,2011,Hydro,125736617,44081665477,Policy change for Hydro in UK,99013602 tons,97543,27.81,264701
UK,2011,Geothermal,57179816,64017898464,Policy change for Geothermal in UK,89980020 tons,55704,8.98,128286
UK,2011,Biomass,163125860,70539846103,Policy change for Biomass in UK,43985449 tons,18645,29.69,82379
UK,2012,Solar,188447196,74899776318,Policy change for Solar in UK,30707300 tons,46488,18.85,132614
UK,2012,Wind,164494416,74916958426,Policy change for Wind in UK,89557615 tons,68125,17.46,136543
UK,2012,Hydro,181870195,39100925922,Policy change for Hydro in UK,54023148 tons,98693,8.42,73624
UK,2012,Geothermal,64053216,28910189219,Policy change for Geothermal in UK,64948384 tons,81784,16.33,91919
UK,2012,Biomass,144469026,74990388169,Policy change for Biomass in UK,24555484 tons,63072,12.92,264115
UK,2013,Solar,54879397,49953342985,Policy change for Solar in UK,67922224 tons,31442,23.41,82669
UK,2013,Wind,110051480,64148735685,Policy change for Wind in UK,59127251 tons,23423,35.36,241438
UK,2013,Hydro,116424557,55452021470,Policy change for Hydro in UK,26470698 tons,38712,37.43,225622
UK,2013,Geothermal,94026806,36880440655,Policy change for Geothermal in UK,23605705 tons,18290,41.62,149856
UK,2013,Biomass,197295091,59590159517,Policy change for Biomass in UK,45805920 tons,63943,16.63,285417
UK,2014,Solar,145181984,55260676738,Policy change for Solar in UK,12821256 tons,79825,31.97,269636
UK,2014,Wind,136760847,41795533371,Policy change for Wind in UK,15818760 tons,38598,14.02,54512
UK,2014,Hydro,125841752,22325190915,Policy change for Hydro in UK,45723012 tons,72433,32.28,173881
UK,2014,Geothermal,68390649,22773788553,Policy change for Geothermal in UK,87537787 tons,82768,17.06,281723
UK,2014,Biomass,72803670,71599770633,Policy change for Biomass in UK,76239440 tons,67169,23.05,272341
UK,2015,Solar,86797411,38578583522,Policy change for Solar in UK,39184382 tons,20048,7.87,138889
UK,2015,Wind,68635412,71778339107,Policy change for Wind in UK,86950511 tons,12349,8.63,131178
UK,2015,Hydro,145514902,29881949745,Policy change for Hydro in UK,81377015 tons,38133,39.86,218378
UK,2015,Geothermal,177400527,35956912055,Policy change for Geothermal in UK,38741164 tons,26632,33.18,78713
UK,2015,Biomass,74748379,68363624508,Policy change for Biomass in UK,85342165 tons,37497,20.63,170918
UK,2016,Solar,74017118,26290065763,Policy change for Solar in UK,54152065 tons,75866,42.41,160184
UK,2016,Wind,81599319,39674493049,Policy change for Wind in UK,14749784 tons,31929,14.25,259184
UK,2016,Hydro,158557735,24090866882,Policy change for Hydro in UK,48677660 tons,45947,13.97,121991
UK,2016,Geothermal,136555474,58634724405,Policy change for Geothermal in UK,47638290 tons,98281,21.87,230065
UK,2016,Biomass,66263192,36462808794,Policy change for Biomass in UK,40456180 tons,35487,32.65,179169
UK,2017,Solar,164011978,67867715333,Policy change for Solar in UK,55150552 tons,65252,22.6,117209
UK,2017,Wind,108423660,51598630175,Policy change for Wind in UK,44594473 tons,17911,33.89,183493
UK,2017,Hydro,77303430,71269711991,Policy change for Hydro in UK,66965834 tons,46313,20.27,269670
UK,2017,Geothermal,80643157,55296862357,Policy change for Geothermal in UK,80917286 tons,29807,43.49,222611
UK,2017,Biomass,100643970,21797432960,Policy change for Biomass in UK,52567242 tons,96452,47,208609
UK,2018,Solar,77187402,73453908175,Policy change for Solar in UK,37354934 tons,75209,36.96,256505
UK,2018,Wind,96018325,33224067035,Policy change for Wind in UK,28581469 tons,56087,29.41,148719
UK,2018,Hydro,136534941,65450795600,Policy change for Hydro in UK,74881587 tons,20973,15.41,149312
UK,2018,Geothermal,83038148,61827282748,Policy change for Geothermal in UK,77061763 tons,32326,46.46,248276
UK,2018,Biomass,51450334,20378876169,Policy change for Biomass in UK,91883984 tons,58450,18.58,110262
UK,2019,Solar,84851571,27088060595,Policy change for Solar in UK,12472116 tons,65227,34.37,128362
UK,2019,Wind,177735203,44122081895,Policy change for Wind in UK,75354115 tons,43888,21.48,169091
UK,2019,Hydro,57408453,39747167459,Policy change for Hydro in UK,22370348 tons,11645,46.48,132638
UK,2019,Geothermal,120823424,53020749155,Policy change for Geothermal in UK,20165858 tons,89974,17.43,160568
UK,2019,Biomass,95387291,22342762898,Policy change for Biomass in UK,17343809 tons,31247,30.55,74742
UK,2020,Solar,75671651,28830575899,Policy change for Solar in UK,86905322 tons,56713,18.24,206020
UK,2020,Wind,127057653,61197647546,Policy change for Wind in UK,13442725 tons,67280,25.91,68677
UK,2020,Hydro,87677819,23701824274,Policy change for Hydro in UK,21105909 tons,96814,9.36,244167
UK,2020,Geothermal,135538580,39289662559,Policy change for Geothermal in UK,58655453 tons,20560,23.15,243227
UK,2020,Biomass,185681412,38131064050,Policy change for Biomass in UK,79446741 tons,74529,27.8,73343
UK,2021,Solar,110290986,61098406136,Policy change for Solar in UK,37029346 tons,61880,19.16,217522
UK,2021,Wind,166082013,30126386163,Policy change for Wind in UK,12921523 tons,79737,27.15,259214
UK,2021,Hydro,148982246,59198373117,Policy change for Hydro in UK,45910408 tons,85437,29.58,174024
UK,2021,Geothermal,191419911,78731322399,Policy change for Geothermal in UK,34526432 tons,41318,43.87,166433
UK,2021,Biomass,101763360,73662879182,Policy change for Biomass in UK,70804285 tons,12823,28.68,270532
UK,2022,Solar,82754485,44738110669,Policy change for Solar in UK,38839127 tons,24029,41.37,216543
UK,2022,Wind,129788465,21455213398,Policy change for Wind in UK,69062384 tons,88378,43.76,110745
UK,2022,Hydro,53884395,30171369776,Policy change for Hydro in UK,71083497 tons,86982,23.1,258513
UK,2022,Geothermal,111351272,52389097394,Policy change for Geothermal in UK,71242085 tons,73587,7.37,286340
UK,2022,Biomass,148580502,22908429167,Policy change for Biomass in UK,67770344 tons,36175,47.29,142443
UK,2023,Solar,175613079,45088286266,Policy change for Solar in UK,61489620 tons,68552,10.54,292954
UK,2023,Wind,117670022,70872758670,Policy change for Wind in UK,66779799 tons,21146,38.19,52788
UK,2023,Hydro,128402746,52784450349,Policy change for Hydro in UK,50644674 tons,88808,20.27,178543
UK,2023,Geothermal,115076214,76496816725,Policy change for Geothermal in UK,29417650 tons,87149,11.16,234702
UK,2023,Biomass,103119023,65077602932,Policy change for Biomass in UK,34567022 tons,97862,47.08,127836
France,2010,Solar,104192445,78588795868,Policy change for Solar in France,95615659 tons,70345,41.05,141748
France,2010,Wind,152150278,51185967031,Policy change for Wind in France,30846305 tons,34605,42.17,233595
France,2010,Hydro,184497933,32739445185,Policy change for Hydro in France,13282992 tons,88070,22.03,263641
France,2010,Geothermal,182615536,63115706723,Policy change for Geothermal in France,30862762 tons,89754,24.64,71153
France,2010,Biomass,68516182,34829692401,Policy change for Biomass in France,14213667 tons,91244,11.6,152487
France,2011,Solar,58285311,34756252325,Policy change for Solar in France,75156712 tons,34062,34.39,57075
France,2011,Wind,76439596,55675977025,Policy change for Wind in France,77938932 tons,23806,39.58,55666
France,2011,Hydro,172496890,57872954905,Policy change for Hydro in France,75806400 tons,65068,47.11,179084
France,2011,Geothermal,152392677,40445008876,Policy change for Geothermal in France,38436880 tons,30881,8.01,90571
France,2011,Biomass,147919251,67348726716,Policy change for Biomass in France,47681498 tons,26425,13.89,113594
France,2012,Solar,159843027,51901105766,Policy change for Solar in France,71473074 tons,27382,30.12,98358
France,2012,Wind,55105651,67606007144,Policy change for Wind in France,91203474 tons,31685,30.25,263518
France,2012,Hydro,119605119,76087872817,Policy change for Hydro in France,96084114 tons,22784,32.88,98998
France,2012,Geothermal,198435635,75247713936,Policy change for Geothermal in France,52414312 tons,77430,7.73,163816
France,2012,Biomass,68722884,71928233292,Policy change for Biomass in France,84280031 tons,79092,41.85,61936
France,2013,Solar,121496778,21952936877,Policy change for Solar in France,14009581 tons,44908,32.29,187021
France,2013,Wind,186089565,21537003665,Policy change for Wind in France,65907040 tons,21861,15.45,247434
France,2013,Hydro,127806856,56905067802,Policy change for Hydro in France,33532344 tons,94373,44.59,235795
France,2013,Geothermal,184170288,52914572135,Policy change for Geothermal in France,76976679 tons,29439,34.09,173664
France,2013,Biomass,50206692,59475660522,Policy change for Biomass in France,36160904 tons,46682,7.69,131707
France,2014,Solar,50171471,77282574663,Policy change for Solar in France,38386217 tons,80298,16.95,181916
France,2014,Wind,69678063,31697242081,Policy change for Wind in France,41196700 tons,89008,36.83,212565
France,2014,Hydro,84676419,54604028422,Policy change for Hydro in France,69868034 tons,38442,12.11,152185
France,2014,Geothermal,87311015,31075102516,Policy change for Geothermal in France,38579274 tons,18948,48.79,193572
France,2014,Biomass,135833118,34935623309,Policy change for Biomass in France,47771127 tons,18168,10.34,299333
France,2015,Solar,172006483,44191945388,Policy change for Solar in France,26273495 tons,84766,11.88,94672
France,2015,Wind,57960917,73040721336,Policy change for Wind in France,92415943 tons,97835,26.14,93392
France,2015,Hydro,99217222,45310762699,Policy change for Hydro in France,69687678 tons,64650,41.65,278829
France,2015,Geothermal,170874696,57389943692,Policy change for Geothermal in France,57904183 tons,30612,24.2,159438
France,2015,Biomass,105430159,40692567038,Policy change for Biomass in France,90132304 tons,65263,25.47,278737
France,2016,Solar,163257189,78880420620,Policy change for Solar in France,51048319 tons,40969,17.52,238739
France,2016,Wind,161682981,51248412051,Policy change for Wind in France,99206099 tons,72738,16.34,139542
France,2016,Hydro,173918502,35409384561,Policy change for Hydro in France,75884703 tons,23543,28.17,192843
France,2016,Geothermal,194565621,73007040205,Policy change for Geothermal in France,92494165 tons,22799,30.92,91512
France,2016,Biomass,179468518,40422983178,Policy change for Biomass in France,96099529 tons,49351,32.6,104984
France,2017,Solar,129589454,45607586645,Policy change for Solar in France,67066320 tons,51267,20.97,291040
France,2017,Wind,101810671,58776758054,Policy change for Wind in France,17599647 tons,21966,41.16,59663
France,2017,Hydro,119589562,53409891716,Policy change for Hydro in France,47951750 tons,44111,28.19,118328
France,2017,Geothermal,91707684,63105256405,Policy change for Geothermal in France,12458369 tons,13571,14.6,165844
France,2017,Biomass,81024100,26778795926,Policy change for Biomass in France,19531000 tons,38177,38.98,165425
France,2018,Solar,80050533,65596205833,Policy change for Solar in France,65385595 tons,67617,43.27,113172
France,2018,Wind,153356480,60375964172,Policy change for Wind in France,66804434 tons,67830,16.82,137705
France,2018,Hydro,152534497,70568854667,Policy change for Hydro in France,76201926 tons,31516,29.35,75648
France,2018,Geothermal,111011605,66062238749,Policy change for Geothermal in France,96489042 tons,48729,45.08,212950
France,2018,Biomass,166256057,76563509935,Policy change for Biomass in France,49675130 tons,98352,24.17,157608
France,2019,Solar,156608770,78131188670,Policy change for Solar in France,54314026 tons,72571,37.91,195234
France,2019,Wind,104245462,76606901610,Policy change for Wind in France,59580221 tons,83574,29.28,99481
France,2019,Hydro,197371087,46395316459,Policy change for Hydro in France,40303922 tons,42091,17.95,113702
France,2019,Geothermal,177347379,50324106500,Policy change for Geothermal in France,79614370 tons,89990,15.18,111622
France,2019,Biomass,113783085,48586095688,Policy change for Biomass in France,49076606 tons,95969,30.16,267334
France,2020,Solar,51949039,61973384494,Policy change for Solar in France,21351551 tons,38611,37.92,144393
France,2020,Wind,198003790,61441561979,Policy change for Wind in France,20221279 tons,10017,31.25,132132
France,2020,Hydro,114216410,64543564209,Policy change for Hydro in France,87338953 tons,83715,19.74,65177
France,2020,Geothermal,79496100,66672155561,Policy change for Geothermal in France,35839254 tons,92884,25.8,236542
France,2020,Biomass,128753655,48080725053,Policy change for Biomass in France,43716953 tons,52519,49.51,58259
France,2021,Solar,118313259,26924600392,Policy change for Solar in France,97586289 tons,34993,7.37,68427
France,2021,Wind,164907740,47728338523,Policy change for Wind in France,75092012 tons,20588,45.73,239485
France,2021,Hydro,55146281,41959308585,Policy change for Hydro in France,92115019 tons,47686,7.15,221226
France,2021,Geothermal,152682198,70091498807,Policy change for Geothermal in France,13459142 tons,86096,27.94,171365
France,2021,Biomass,152882139,68687513023,Policy change for Biomass in France,25853845 tons,68380,6.64,223640
France,2022,Solar,111569493,30771318371,Policy change for Solar in France,76629759 tons,24409,40.41,76507
France,2022,Wind,178902005,60097371450,Policy change for Wind in France,61121004 tons,62885,5.13,255756
France,2022,Hydro,59302007,66724046554,Policy change for Hydro in France,84187341 tons,85614,23.47,254036
France,2022,Geothermal,89883410,60571939657,Policy change for Geothermal in France,72729908 tons,66617,45.17,159006
France,2022,Biomass,64312008,30187064817,Policy change for Biomass in France,52996806 tons,43860,13.4,184542
France,2023,Solar,84751628,77064146363,Policy change for Solar in France,97324396 tons,45140,38.13,287249
France,2023,Wind,154839020,53331552356,Policy change for Wind in France,42685375 tons,42658,10.18,275467
France,2023,Hydro,141986555,40711624801,Policy change for Hydro in France,87388246 tons,38326,40.51,88531
France,2023,Geothermal,107074374,72614063703,Policy change for Geothermal in France,15881087 tons,61438,17.9,289144
France,2023,Biomass,167434400,44511650313,Policy change for Biomass in France,22054474 tons,84422,30.24,179387
Japan,2010,Solar,170042144,20107902981,Policy change for Solar in Japan,96194125 tons,97368,17.33,100534
Japan,2010,Wind,59684803,31019806709,Policy change for Wind in Japan,68870370 tons,87163,34.35,159376
Japan,2010,Hydro,65897283,21295232516,Policy change for Hydro in Japan,46145408 tons,24413,47.6,257655
Japan,2010,Geothermal,90026649,70460154061,Policy change for Geothermal in Japan,56962379 tons,23786,8.79,72201
Japan,2010,Biomass,80566385,42649499818,Policy change for Biomass in Japan,84711267 tons,64572,17.78,126223
Japan,2011,Solar,186082920,39910981990,Policy change for Solar in Japan,97294907 tons,32839,39.71,161311
Japan,2011,Wind,106877870,56531807266,Policy change for Wind in Japan,59575447 tons,82083,31.18,185601
Japan,2011,Hydro,181424834,50546276366,Policy change for Hydro in Japan,94772596 tons,73184,34.64,159917
Japan,2011,Geothermal,172793273,53582669772,Policy change for Geothermal in Japan,46432839 tons,91713,38.66,227603
Japan,2011,Biomass,77307624,36584095796,Policy change for Biomass in Japan,39679212 tons,72092,40.03,65320
Japan,2012,Solar,121226222,68076705924,Policy change for Solar in Japan,45003922 tons,82020,38.63,260541
Japan,2012,Wind,184270029,71585152624,Policy change for Wind in Japan,83141421 tons,56107,34.96,52465
Japan,2012,Hydro,128053410,46974356535,Policy change for Hydro in Japan,93196112 tons,23642,45.71,243382
Japan,2012,Geothermal,121002260,32164617844,Policy change for Geothermal in Japan,25992922 tons,15233,42.54,114547
Japan,2012,Biomass,51485680,52324883359,Policy change for Biomass in Japan,30822045 tons,33484,28.92,285809
Japan,2013,Solar,61754219,28125490248,Policy change for Solar in Japan,53204642 tons,45410,24.75,272202
Japan,2013,Wind,65373707,20459996794,Policy change for Wind in Japan,12048118 tons,42705,34.4,113343
Japan,2013,Hydro,195378505,45933644353,Policy change for Hydro in Japan,23996925 tons,35543,29.34,74653
Japan,2013,Geothermal,108793613,32761002168,Policy change for Geothermal in Japan,97310922 tons,22661,6.51,113181
Japan,2013,Biomass,170348208,47742697691,Policy change for Biomass in Japan,18393907 tons,10915,35.87,64758
Japan,2014,Solar,162040839,76001707448,Policy change for Solar in Japan,65265678 tons,63713,7.24,276370
Japan,2014,Wind,140407710,59366008535,Policy change for Wind in Japan,13001925 tons,87388,37.98,222841
Japan,2014,Hydro,107135791,74262075553,Policy change for Hydro in Japan,31337618 tons,64194,7.34,127990
Japan,2014,Geothermal,90260225,21816579491,Policy change for Geothermal in Japan,34417181 tons,61624,7.85,273637
Japan,2014,Biomass,72201308,46142606680,Policy change for Biomass in Japan,75122795 tons,87604,42.53,64916
Japan,2015,Solar,79386428,62048373167,Policy change for Solar in Japan,11225663 tons,14917,30.32,181724
Japan,2015,Wind,63254242,79978384313,Policy change for Wind in Japan,53359051 tons,65920,23.12,148035
Japan,2015,Hydro,63502168,36781536521,Policy change for Hydro in Japan,46580626 tons,51314,5.92,134555
Japan,2015,Geothermal,185096143,75514337437,Policy change for Geothermal in Japan,11493367 tons,33922,39.15,298784
Japan,2015,Biomass,65922237,76557620662,Policy change for Biomass in Japan,77660863 tons,93582,27.44,198567
Japan,2016,Solar,65699187,70749303991,Policy change for Solar in Japan,44117576 tons,19639,39.59,263711
Japan,2016,Wind,66547017,76772208693,Policy change for Wind in Japan,54073468 tons,34728,26.06,251495
Japan,2016,Hydro,74725545,64670576037,Policy change for Hydro in Japan,35938255 tons,64409,47.14,57651
Japan,2016,Geothermal,145126044,73403012416,Policy change for Geothermal in Japan,19318757 tons,89374,31.35,179495
Japan,2016,Biomass,105033327,25129188949,Policy change for Biomass in Japan,28594605 tons,84986,15.57,229743
Japan,2017,Solar,176725715,40871982851,Policy change for Solar in Japan,67073808 tons,46112,32.47,121696
Japan,2017,Wind,171578081,36581850525,Policy change for Wind in Japan,86590490 tons,26752,34.69,135809
Japan,2017,Hydro,142962983,36116924622,Policy change for Hydro in Japan,38229854 tons,49546,21.26,257784
Japan,2017,Geothermal,62838089,24478079046,Policy change for Geothermal in Japan,54966032 tons,20745,40.24,75141
Japan,2017,Biomass,81008793,21532185421,Policy change for Biomass in Japan,22669284 tons,81784,41.45,156806
Japan,2018,Solar,140067567,30176925074,Policy change for Solar in Japan,41539942 tons,22458,11.14,186207
Japan,2018,Wind,66632838,41424072046,Policy change for Wind in Japan,85244691 tons,62194,14.46,231336
Japan,2018,Hydro,128235472,35287364194,Policy change for Hydro in Japan,13244165 tons,83846,20.91,86844
Japan,2018,Geothermal,135471819,71440714807,Policy change for Geothermal in Japan,11628530 tons,31702,10.69,179741
Japan,2018,Biomass,70236007,76070189656,Policy change for Biomass in Japan,49631767 tons,36189,43.64,206047
Japan,2019,Solar,176079357,62374046657,Policy change for Solar in Japan,82491827 tons,59435,34.96,82737
Japan,2019,Wind,81727935,62020536554,Policy change for Wind in Japan,54624922 tons,81233,27.83,54641
Japan,2019,Hydro,199546343,28497866967,Policy change for Hydro in Japan,73477953 tons,10643,14.22,56416
Japan,2019,Geothermal,126703008,74674924743,Policy change for Geothermal in Japan,26877022 tons,69795,6.69,119166
Japan,2019,Biomass,149813915,38664172928,Policy change for Biomass in Japan,80951301 tons,12960,11.87,197329
Japan,2020,Solar,84206443,22648247911,Policy change for Solar in Japan,61688015 tons,25013,8.34,93605
Japan,2020,Wind,166183685,72710409401,Policy change for Wind in Japan,13371777 tons,62584,22.86,149863
Japan,2020,Hydro,115132429,27537044643,Policy change for Hydro in Japan,21550993 tons,56346,11.11,242889
Japan,2020,Geothermal,111768726,23975087142,Policy change for Geothermal in Japan,42644842 tons,85350,21.37,158724
Japan,2020,Biomass,136957888,20842678458,Policy change for Biomass in Japan,85667907 tons,55628,12.67,207347
Japan,2021,Solar,123384092,23018423936,Policy change for Solar in Japan,17553203 tons,88723,22.28,282915
Japan,2021,Wind,177622682,51655929476,Policy change for Wind in Japan,98897416 tons,19391,36.44,129615
Japan,2021,Hydro,142033218,60881118512,Policy change for Hydro in Japan,52204412 tons,79874,5.39,146240
Japan,2021,Geothermal,130138790,60098178388,Policy change for Geothermal in Japan,55923901 tons,76104,49.74,144548
Japan,2021,Biomass,51269293,67641388697,Policy change for Biomass in Japan,57327870 tons,40972,11.27,104589
Japan,2022,Solar,60693880,64689593548,Policy change for Solar in Japan,32605389 tons,85619,30.75,280531
Japan,2022,Wind,90761254,24269165370,Policy change for Wind in Japan,33650736 tons,87484,22.58,180736
Japan,2022,Hydro,184993024,47122246110,Policy change for Hydro in Japan,51227843 tons,32655,39.5,188376
Japan,2022,Geothermal,144965767,44481030368,Policy change for Geothermal in Japan,23026202 tons,35908,29.49,253630
Japan,2022,Biomass,68089997,24168700477,Policy change for Biomass in Japan,56047529 tons,69638,38.76,68507
Japan,2023,Solar,126998921,66338915443,Policy change for Solar in Japan,96163562 tons,50792,39.8,176501
Japan,2023,Wind,196919051,29755853998,Policy change for Wind in Japan,34426817 tons,18543,10.6,195051
Japan,2023,Hydro,105977410,47066370233,Policy change for Hydro in Japan,57105100 tons,24310,43.43,181657
Japan,2023,Geothermal,113051095,31033756490,Policy change for Geothermal in Japan,25753075 tons,50231,32.66,155653
Japan,2023,Biomass,108071118,70203410679,Policy change for Biomass in Japan,18910077 tons,88382,23.1,271943
